[
{
  "model": "admin.logentry",
  "pk": 1,
  "fields": {
    "action_time": "2023-08-03T06:48:13.306Z",
    "user": 1,
    "content_type": 7,
    "object_id": "1",
    "object_repr": "First_Post",
    "action_flag": 1,
    "change_message": "[{\"added\": {}}]"
  }
},
{
  "model": "admin.logentry",
  "pk": 2,
  "fields": {
    "action_time": "2023-08-03T07:13:41.294Z",
    "user": 1,
    "content_type": 7,
    "object_id": "2",
    "object_repr": "second",
    "action_flag": 1,
    "change_message": "[{\"added\": {}}]"
  }
},
{
  "model": "admin.logentry",
  "pk": 3,
  "fields": {
    "action_time": "2023-08-03T07:26:51.347Z",
    "user": 1,
    "content_type": 7,
    "object_id": "3",
    "object_repr": "Who was django Reinharted?",
    "action_flag": 1,
    "change_message": "[{\"added\": {}}]"
  }
},
{
  "model": "admin.logentry",
  "pk": 4,
  "fields": {
    "action_time": "2023-08-03T14:29:19.383Z",
    "user": 1,
    "content_type": 7,
    "object_id": "4",
    "object_repr": "one more",
    "action_flag": 2,
    "change_message": "[{\"changed\": {\"fields\": [\"Status\"]}}]"
  }
},
{
  "model": "admin.logentry",
  "pk": 5,
  "fields": {
    "action_time": "2023-08-04T23:23:02.693Z",
    "user": 1,
    "content_type": 7,
    "object_id": "5",
    "object_repr": "new post",
    "action_flag": 1,
    "change_message": "[{\"added\": {}}]"
  }
},
{
  "model": "admin.logentry",
  "pk": 6,
  "fields": {
    "action_time": "2023-08-04T23:23:30.955Z",
    "user": 1,
    "content_type": 7,
    "object_id": "6",
    "object_repr": "koora today",
    "action_flag": 1,
    "change_message": "[{\"added\": {}}]"
  }
},
{
  "model": "admin.logentry",
  "pk": 7,
  "fields": {
    "action_time": "2023-08-04T23:24:21.313Z",
    "user": 1,
    "content_type": 7,
    "object_id": "6",
    "object_repr": "koora today",
    "action_flag": 2,
    "change_message": "[{\"changed\": {\"fields\": [\"Status\"]}}]"
  }
},
{
  "model": "admin.logentry",
  "pk": 8,
  "fields": {
    "action_time": "2023-08-05T03:48:44.420Z",
    "user": 1,
    "content_type": 7,
    "object_id": "1",
    "object_repr": "First_Post",
    "action_flag": 2,
    "change_message": "[{\"changed\": {\"fields\": [\"Status\"]}}]"
  }
},
{
  "model": "admin.logentry",
  "pk": 9,
  "fields": {
    "action_time": "2023-08-05T03:48:56.696Z",
    "user": 1,
    "content_type": 7,
    "object_id": "2",
    "object_repr": "second",
    "action_flag": 2,
    "change_message": "[{\"changed\": {\"fields\": [\"Status\"]}}]"
  }
},
{
  "model": "admin.logentry",
  "pk": 10,
  "fields": {
    "action_time": "2023-08-05T03:49:27.165Z",
    "user": 1,
    "content_type": 7,
    "object_id": "7",
    "object_repr": "last post",
    "action_flag": 1,
    "change_message": "[{\"added\": {}}]"
  }
},
{
  "model": "admin.logentry",
  "pk": 11,
  "fields": {
    "action_time": "2023-08-05T03:49:34.099Z",
    "user": 1,
    "content_type": 7,
    "object_id": "7",
    "object_repr": "last post",
    "action_flag": 2,
    "change_message": "[{\"changed\": {\"fields\": [\"Status\"]}}]"
  }
},
{
  "model": "admin.logentry",
  "pk": 12,
  "fields": {
    "action_time": "2023-08-08T04:55:06.880Z",
    "user": 1,
    "content_type": 8,
    "object_id": "1",
    "object_repr": "Comment by Abdelrhman on First_Post",
    "action_flag": 1,
    "change_message": "[{\"added\": {}}]"
  }
},
{
  "model": "admin.logentry",
  "pk": 13,
  "fields": {
    "action_time": "2023-08-08T12:35:22.587Z",
    "user": 1,
    "content_type": 8,
    "object_id": "2",
    "object_repr": "Comment by Abdelrhman on new post",
    "action_flag": 1,
    "change_message": "[{\"added\": {}}]"
  }
},
{
  "model": "admin.logentry",
  "pk": 14,
  "fields": {
    "action_time": "2023-08-08T15:14:00.048Z",
    "user": 1,
    "content_type": 8,
    "object_id": "6",
    "object_repr": "Comment by primer leageau on one more",
    "action_flag": 2,
    "change_message": "[{\"changed\": {\"fields\": [\"Active\"]}}]"
  }
},
{
  "model": "admin.logentry",
  "pk": 15,
  "fields": {
    "action_time": "2023-08-08T15:14:07.294Z",
    "user": 1,
    "content_type": 8,
    "object_id": "5",
    "object_repr": "Comment by primer leageau on one more",
    "action_flag": 3,
    "change_message": ""
  }
},
{
  "model": "admin.logentry",
  "pk": 16,
  "fields": {
    "action_time": "2023-08-08T15:15:16.549Z",
    "user": 1,
    "content_type": 8,
    "object_id": "4",
    "object_repr": "Comment by primer leageau on one more",
    "action_flag": 3,
    "change_message": ""
  }
},
{
  "model": "admin.logentry",
  "pk": 17,
  "fields": {
    "action_time": "2023-08-08T15:15:45.533Z",
    "user": 1,
    "content_type": 8,
    "object_id": "6",
    "object_repr": "Comment by primer leageau on one more",
    "action_flag": 2,
    "change_message": "[{\"changed\": {\"fields\": [\"Active\"]}}]"
  }
},
{
  "model": "admin.logentry",
  "pk": 18,
  "fields": {
    "action_time": "2023-08-08T15:56:59.840Z",
    "user": 1,
    "content_type": 9,
    "object_id": "1",
    "object_repr": "music",
    "action_flag": 2,
    "change_message": "[{\"added\": {\"name\": \"tagged item\", \"object\": \"First_Post tagged with music\"}}]"
  }
},
{
  "model": "admin.logentry",
  "pk": 19,
  "fields": {
    "action_time": "2023-08-08T15:57:19.332Z",
    "user": 1,
    "content_type": 9,
    "object_id": "4",
    "object_repr": "religion",
    "action_flag": 2,
    "change_message": "[{\"changed\": {\"name\": \"tagged item\", \"object\": \"Who was django Reinharted? tagged with religion\", \"fields\": [\"Object ID\"]}}]"
  }
},
{
  "model": "admin.logentry",
  "pk": 20,
  "fields": {
    "action_time": "2023-08-08T16:06:55.896Z",
    "user": 1,
    "content_type": 7,
    "object_id": "1",
    "object_repr": "First_Post",
    "action_flag": 2,
    "change_message": "[]"
  }
},
{
  "model": "admin.logentry",
  "pk": 21,
  "fields": {
    "action_time": "2023-08-08T16:46:04.155Z",
    "user": 1,
    "content_type": 9,
    "object_id": "4",
    "object_repr": "religion",
    "action_flag": 2,
    "change_message": "[{\"added\": {\"name\": \"tagged item\", \"object\": \"one more tagged with religion\"}}]"
  }
},
{
  "model": "admin.logentry",
  "pk": 22,
  "fields": {
    "action_time": "2023-08-08T16:46:13.070Z",
    "user": 1,
    "content_type": 9,
    "object_id": "3",
    "object_repr": "sports",
    "action_flag": 2,
    "change_message": "[{\"changed\": {\"name\": \"tagged item\", \"object\": \"koora today tagged with sports\", \"fields\": [\"Object ID\"]}}]"
  }
},
{
  "model": "admin.logentry",
  "pk": 23,
  "fields": {
    "action_time": "2023-08-09T07:42:06.852Z",
    "user": 1,
    "content_type": 7,
    "object_id": "7",
    "object_repr": "last post",
    "action_flag": 2,
    "change_message": "[{\"changed\": {\"fields\": [\"Tags\"]}}]"
  }
},
{
  "model": "admin.logentry",
  "pk": 24,
  "fields": {
    "action_time": "2023-08-09T07:44:23.082Z",
    "user": 1,
    "content_type": 7,
    "object_id": "8",
    "object_repr": "Global Security Strategist",
    "action_flag": 1,
    "change_message": "[{\"added\": {}}]"
  }
},
{
  "model": "admin.logentry",
  "pk": 25,
  "fields": {
    "action_time": "2023-08-09T07:46:50.375Z",
    "user": 1,
    "content_type": 7,
    "object_id": "6",
    "object_repr": "koora today",
    "action_flag": 2,
    "change_message": "[{\"changed\": {\"fields\": [\"Tags\"]}}]"
  }
},
{
  "model": "admin.logentry",
  "pk": 26,
  "fields": {
    "action_time": "2023-08-09T08:37:26.876Z",
    "user": 1,
    "content_type": 7,
    "object_id": "9",
    "object_repr": "premieur legeau",
    "action_flag": 1,
    "change_message": "[{\"added\": {}}]"
  }
},
{
  "model": "admin.logentry",
  "pk": 27,
  "fields": {
    "action_time": "2023-08-09T08:39:31.575Z",
    "user": 1,
    "content_type": 7,
    "object_id": "7",
    "object_repr": "last post",
    "action_flag": 2,
    "change_message": "[{\"changed\": {\"fields\": [\"Tags\"]}}]"
  }
},
{
  "model": "admin.logentry",
  "pk": 28,
  "fields": {
    "action_time": "2023-08-09T08:39:44.289Z",
    "user": 1,
    "content_type": 7,
    "object_id": "9",
    "object_repr": "premieur legeau",
    "action_flag": 2,
    "change_message": "[{\"changed\": {\"fields\": [\"Tags\"]}}]"
  }
},
{
  "model": "admin.logentry",
  "pk": 29,
  "fields": {
    "action_time": "2023-08-09T11:01:14.559Z",
    "user": 1,
    "content_type": 7,
    "object_id": "10",
    "object_repr": "Before custom filter",
    "action_flag": 1,
    "change_message": "[{\"added\": {}}]"
  }
},
{
  "model": "admin.logentry",
  "pk": 30,
  "fields": {
    "action_time": "2023-08-09T11:07:53.290Z",
    "user": 1,
    "content_type": 7,
    "object_id": "11",
    "object_repr": "After make custom markdown filter",
    "action_flag": 1,
    "change_message": "[{\"added\": {}}]"
  }
},
{
  "model": "admin.logentry",
  "pk": 31,
  "fields": {
    "action_time": "2023-08-09T11:08:39.252Z",
    "user": 1,
    "content_type": 7,
    "object_id": "11",
    "object_repr": "After make custom markdown filter",
    "action_flag": 2,
    "change_message": "[{\"changed\": {\"fields\": [\"Body\"]}}]"
  }
},
{
  "model": "admin.logentry",
  "pk": 32,
  "fields": {
    "action_time": "2023-08-09T11:09:05.637Z",
    "user": 1,
    "content_type": 7,
    "object_id": "11",
    "object_repr": "After make custom markdown filter",
    "action_flag": 2,
    "change_message": "[{\"changed\": {\"fields\": [\"Body\"]}}]"
  }
},
{
  "model": "admin.logentry",
  "pk": 33,
  "fields": {
    "action_time": "2023-08-09T13:31:05.476Z",
    "user": 1,
    "content_type": 11,
    "object_id": "1",
    "object_repr": "localhost:8000",
    "action_flag": 2,
    "change_message": "[{\"changed\": {\"fields\": [\"Domain name\", \"Display name\"]}}]"
  }
},
{
  "model": "auth.permission",
  "pk": 1,
  "fields": {
    "name": "Can add log entry",
    "content_type": 1,
    "codename": "add_logentry"
  }
},
{
  "model": "auth.permission",
  "pk": 2,
  "fields": {
    "name": "Can change log entry",
    "content_type": 1,
    "codename": "change_logentry"
  }
},
{
  "model": "auth.permission",
  "pk": 3,
  "fields": {
    "name": "Can delete log entry",
    "content_type": 1,
    "codename": "delete_logentry"
  }
},
{
  "model": "auth.permission",
  "pk": 4,
  "fields": {
    "name": "Can view log entry",
    "content_type": 1,
    "codename": "view_logentry"
  }
},
{
  "model": "auth.permission",
  "pk": 5,
  "fields": {
    "name": "Can add permission",
    "content_type": 2,
    "codename": "add_permission"
  }
},
{
  "model": "auth.permission",
  "pk": 6,
  "fields": {
    "name": "Can change permission",
    "content_type": 2,
    "codename": "change_permission"
  }
},
{
  "model": "auth.permission",
  "pk": 7,
  "fields": {
    "name": "Can delete permission",
    "content_type": 2,
    "codename": "delete_permission"
  }
},
{
  "model": "auth.permission",
  "pk": 8,
  "fields": {
    "name": "Can view permission",
    "content_type": 2,
    "codename": "view_permission"
  }
},
{
  "model": "auth.permission",
  "pk": 9,
  "fields": {
    "name": "Can add group",
    "content_type": 3,
    "codename": "add_group"
  }
},
{
  "model": "auth.permission",
  "pk": 10,
  "fields": {
    "name": "Can change group",
    "content_type": 3,
    "codename": "change_group"
  }
},
{
  "model": "auth.permission",
  "pk": 11,
  "fields": {
    "name": "Can delete group",
    "content_type": 3,
    "codename": "delete_group"
  }
},
{
  "model": "auth.permission",
  "pk": 12,
  "fields": {
    "name": "Can view group",
    "content_type": 3,
    "codename": "view_group"
  }
},
{
  "model": "auth.permission",
  "pk": 13,
  "fields": {
    "name": "Can add user",
    "content_type": 4,
    "codename": "add_user"
  }
},
{
  "model": "auth.permission",
  "pk": 14,
  "fields": {
    "name": "Can change user",
    "content_type": 4,
    "codename": "change_user"
  }
},
{
  "model": "auth.permission",
  "pk": 15,
  "fields": {
    "name": "Can delete user",
    "content_type": 4,
    "codename": "delete_user"
  }
},
{
  "model": "auth.permission",
  "pk": 16,
  "fields": {
    "name": "Can view user",
    "content_type": 4,
    "codename": "view_user"
  }
},
{
  "model": "auth.permission",
  "pk": 17,
  "fields": {
    "name": "Can add content type",
    "content_type": 5,
    "codename": "add_contenttype"
  }
},
{
  "model": "auth.permission",
  "pk": 18,
  "fields": {
    "name": "Can change content type",
    "content_type": 5,
    "codename": "change_contenttype"
  }
},
{
  "model": "auth.permission",
  "pk": 19,
  "fields": {
    "name": "Can delete content type",
    "content_type": 5,
    "codename": "delete_contenttype"
  }
},
{
  "model": "auth.permission",
  "pk": 20,
  "fields": {
    "name": "Can view content type",
    "content_type": 5,
    "codename": "view_contenttype"
  }
},
{
  "model": "auth.permission",
  "pk": 21,
  "fields": {
    "name": "Can add session",
    "content_type": 6,
    "codename": "add_session"
  }
},
{
  "model": "auth.permission",
  "pk": 22,
  "fields": {
    "name": "Can change session",
    "content_type": 6,
    "codename": "change_session"
  }
},
{
  "model": "auth.permission",
  "pk": 23,
  "fields": {
    "name": "Can delete session",
    "content_type": 6,
    "codename": "delete_session"
  }
},
{
  "model": "auth.permission",
  "pk": 24,
  "fields": {
    "name": "Can view session",
    "content_type": 6,
    "codename": "view_session"
  }
},
{
  "model": "auth.permission",
  "pk": 25,
  "fields": {
    "name": "Can add post",
    "content_type": 7,
    "codename": "add_post"
  }
},
{
  "model": "auth.permission",
  "pk": 26,
  "fields": {
    "name": "Can change post",
    "content_type": 7,
    "codename": "change_post"
  }
},
{
  "model": "auth.permission",
  "pk": 27,
  "fields": {
    "name": "Can delete post",
    "content_type": 7,
    "codename": "delete_post"
  }
},
{
  "model": "auth.permission",
  "pk": 28,
  "fields": {
    "name": "Can view post",
    "content_type": 7,
    "codename": "view_post"
  }
},
{
  "model": "auth.permission",
  "pk": 29,
  "fields": {
    "name": "Can add comment",
    "content_type": 8,
    "codename": "add_comment"
  }
},
{
  "model": "auth.permission",
  "pk": 30,
  "fields": {
    "name": "Can change comment",
    "content_type": 8,
    "codename": "change_comment"
  }
},
{
  "model": "auth.permission",
  "pk": 31,
  "fields": {
    "name": "Can delete comment",
    "content_type": 8,
    "codename": "delete_comment"
  }
},
{
  "model": "auth.permission",
  "pk": 32,
  "fields": {
    "name": "Can view comment",
    "content_type": 8,
    "codename": "view_comment"
  }
},
{
  "model": "auth.permission",
  "pk": 33,
  "fields": {
    "name": "Can add tag",
    "content_type": 9,
    "codename": "add_tag"
  }
},
{
  "model": "auth.permission",
  "pk": 34,
  "fields": {
    "name": "Can change tag",
    "content_type": 9,
    "codename": "change_tag"
  }
},
{
  "model": "auth.permission",
  "pk": 35,
  "fields": {
    "name": "Can delete tag",
    "content_type": 9,
    "codename": "delete_tag"
  }
},
{
  "model": "auth.permission",
  "pk": 36,
  "fields": {
    "name": "Can view tag",
    "content_type": 9,
    "codename": "view_tag"
  }
},
{
  "model": "auth.permission",
  "pk": 37,
  "fields": {
    "name": "Can add tagged item",
    "content_type": 10,
    "codename": "add_taggeditem"
  }
},
{
  "model": "auth.permission",
  "pk": 38,
  "fields": {
    "name": "Can change tagged item",
    "content_type": 10,
    "codename": "change_taggeditem"
  }
},
{
  "model": "auth.permission",
  "pk": 39,
  "fields": {
    "name": "Can delete tagged item",
    "content_type": 10,
    "codename": "delete_taggeditem"
  }
},
{
  "model": "auth.permission",
  "pk": 40,
  "fields": {
    "name": "Can view tagged item",
    "content_type": 10,
    "codename": "view_taggeditem"
  }
},
{
  "model": "auth.permission",
  "pk": 41,
  "fields": {
    "name": "Can add site",
    "content_type": 11,
    "codename": "add_site"
  }
},
{
  "model": "auth.permission",
  "pk": 42,
  "fields": {
    "name": "Can change site",
    "content_type": 11,
    "codename": "change_site"
  }
},
{
  "model": "auth.permission",
  "pk": 43,
  "fields": {
    "name": "Can delete site",
    "content_type": 11,
    "codename": "delete_site"
  }
},
{
  "model": "auth.permission",
  "pk": 44,
  "fields": {
    "name": "Can view site",
    "content_type": 11,
    "codename": "view_site"
  }
},
{
  "model": "auth.user",
  "pk": 1,
  "fields": {
    "password": "pbkdf2_sha256$390000$OIdWcBMsJVsNnS151Hq5sZ$JDpUL0nNZrGhGkXMhmoTUrjwyFdOg3c6BKSx+A/AYQI=",
    "last_login": "2023-08-03T06:43:34.352Z",
    "is_superuser": true,
    "username": "abdelrhman",
    "first_name": "",
    "last_name": "",
    "email": "abdelrhmanmamdouh76@gmail.com",
    "is_staff": true,
    "is_active": true,
    "date_joined": "2023-08-03T06:42:07.822Z",
    "groups": [],
    "user_permissions": []
  }
},
{
  "model": "contenttypes.contenttype",
  "pk": 1,
  "fields": {
    "app_label": "admin",
    "model": "logentry"
  }
},
{
  "model": "contenttypes.contenttype",
  "pk": 2,
  "fields": {
    "app_label": "auth",
    "model": "permission"
  }
},
{
  "model": "contenttypes.contenttype",
  "pk": 3,
  "fields": {
    "app_label": "auth",
    "model": "group"
  }
},
{
  "model": "contenttypes.contenttype",
  "pk": 4,
  "fields": {
    "app_label": "auth",
    "model": "user"
  }
},
{
  "model": "contenttypes.contenttype",
  "pk": 5,
  "fields": {
    "app_label": "contenttypes",
    "model": "contenttype"
  }
},
{
  "model": "contenttypes.contenttype",
  "pk": 6,
  "fields": {
    "app_label": "sessions",
    "model": "session"
  }
},
{
  "model": "contenttypes.contenttype",
  "pk": 7,
  "fields": {
    "app_label": "blog",
    "model": "post"
  }
},
{
  "model": "contenttypes.contenttype",
  "pk": 8,
  "fields": {
    "app_label": "blog",
    "model": "comment"
  }
},
{
  "model": "contenttypes.contenttype",
  "pk": 9,
  "fields": {
    "app_label": "taggit",
    "model": "tag"
  }
},
{
  "model": "contenttypes.contenttype",
  "pk": 10,
  "fields": {
    "app_label": "taggit",
    "model": "taggeditem"
  }
},
{
  "model": "contenttypes.contenttype",
  "pk": 11,
  "fields": {
    "app_label": "sites",
    "model": "site"
  }
},
{
  "model": "sessions.session",
  "pk": "9pxkvseyg9n0mdv0v5l04kmisnex0boh",
  "fields": {
    "session_data": ".eJxVjEEOwiAQRe_C2hAoTAGX7j0DGWDGVg0kpV0Z765NutDtf-_9l4i4rVPcOi1xLuIstDj9bgnzg-oOyh3rrcnc6rrMSe6KPGiX11boeTncv4MJ-_StFZIbDBZU7JXmzAwWIKdAWRlwbNjpEZynNMJgAUPh0RhLISVPyEG8P_amOHI:1qRS3a:Nieb9Mx6kHK27H-Yx9tJeKXqhYxVxxIyjpmrzOJYTMc",
    "expire_date": "2023-08-17T06:43:34.370Z"
  }
},
{
  "model": "blog.post",
  "pk": 1,
  "fields": {
    "title": "First_Post",
    "slug": "First_Post",
    "body": "we will publish our first mobile",
    "published": "2023-08-03T06:45:24Z",
    "created": "2023-08-03T06:48:13.303Z",
    "updated": "2023-08-08T16:06:55.891Z",
    "status": "PB",
    "author": 1
  }
},
{
  "model": "blog.post",
  "pk": 2,
  "fields": {
    "title": "second",
    "slug": "second_post",
    "body": "our second post",
    "published": "2023-08-03T07:13:15Z",
    "created": "2023-08-03T07:13:41.292Z",
    "updated": "2023-08-05T03:48:56.694Z",
    "status": "PB",
    "author": 1
  }
},
{
  "model": "blog.post",
  "pk": 3,
  "fields": {
    "title": "Who was django Reinharted?",
    "slug": "who-was-django-reinharted",
    "body": "i will tell you",
    "published": "2023-08-03T07:26:25Z",
    "created": "2023-08-03T07:26:51.344Z",
    "updated": "2023-08-03T07:26:51.344Z",
    "status": "PB",
    "author": 1
  }
},
{
  "model": "blog.post",
  "pk": 4,
  "fields": {
    "title": "one more",
    "slug": "one-more",
    "body": "post",
    "published": "2023-08-03T07:39:07Z",
    "created": "2023-08-03T07:39:07.318Z",
    "updated": "2023-08-03T14:29:19.380Z",
    "status": "PB",
    "author": 1
  }
},
{
  "model": "blog.post",
  "pk": 5,
  "fields": {
    "title": "new post",
    "slug": "new-post",
    "body": "add nnww post",
    "published": "2023-08-04T23:22:26Z",
    "created": "2023-08-04T23:23:02.690Z",
    "updated": "2023-08-04T23:23:02.690Z",
    "status": "PB",
    "author": 1
  }
},
{
  "model": "blog.post",
  "pk": 6,
  "fields": {
    "title": "koora today",
    "slug": "koora-today",
    "body": "adasdsdasdsadasdsadasdsdsa",
    "published": "2023-08-04T23:23:05Z",
    "created": "2023-08-04T23:23:30.953Z",
    "updated": "2023-08-09T07:46:50.365Z",
    "status": "PB",
    "author": 1
  }
},
{
  "model": "blog.post",
  "pk": 7,
  "fields": {
    "title": "last post",
    "slug": "last-post",
    "body": "last post to add third pagination",
    "published": "2023-08-05T03:48:58Z",
    "created": "2023-08-05T03:49:27.162Z",
    "updated": "2023-08-09T08:39:31.566Z",
    "status": "PB",
    "author": 1
  }
},
{
  "model": "blog.post",
  "pk": 8,
  "fields": {
    "title": "Global Security Strategist",
    "slug": "Global-Security-Strategist",
    "body": "Nobis dignissimos dolorem.",
    "published": "2023-08-09T07:43:59Z",
    "created": "2023-08-09T07:44:23.060Z",
    "updated": "2023-08-09T07:44:23.060Z",
    "status": "PB",
    "author": 1
  }
},
{
  "model": "blog.post",
  "pk": 9,
  "fields": {
    "title": "premieur legeau",
    "slug": "premieur-legeau",
    "body": "primear legeau will start today it will be a fantatstic season",
    "published": "2023-08-09T08:36:27Z",
    "created": "2023-08-09T08:37:26.867Z",
    "updated": "2023-08-09T08:39:44.281Z",
    "status": "PB",
    "author": 1
  }
},
{
  "model": "blog.post",
  "pk": 10,
  "fields": {
    "title": "Before custom filter",
    "slug": "before-custom-filter",
    "body": "This is post befor custom filter\r\n------------------------------------------------\r\n* this is before*\r\nHere is a list:\r\n\r\n*one\r\n* two\r\n* three\r\nand a [link to django filters](https://docs.djangoproject.com/en/4.1/ref/templates/builtins/#built-in-filter-reference)",
    "published": "2023-08-09T10:58:33Z",
    "created": "2023-08-09T11:01:14.551Z",
    "updated": "2023-08-09T11:01:14.551Z",
    "status": "PB",
    "author": 1
  }
},
{
  "model": "blog.post",
  "pk": 11,
  "fields": {
    "title": "After make custom markdown filter",
    "slug": "after-make-custom-markdown-filter",
    "body": "This is post befor custom filter\r\n------------------------------------------------\r\n* this is before*\r\n\r\nHere is a list:\r\n\r\n*One\r\n* Two\r\n* Three\r\n\r\nand a [link to django filters](https://docs.djangoproject.com/en/4.1/ref/templates/builtins/#built-in-filter-reference)",
    "published": "2023-08-09T11:07:26Z",
    "created": "2023-08-09T11:07:53.281Z",
    "updated": "2023-08-09T11:09:05.632Z",
    "status": "PB",
    "author": 1
  }
},
{
  "model": "blog.comment",
  "pk": 1,
  "fields": {
    "post": 1,
    "name": "Abdelrhman",
    "email": "nader@gmail.com",
    "body": "first comment",
    "created": "2023-08-08T04:55:06.878Z",
    "updated": "2023-08-08T04:55:06.878Z",
    "active": true
  }
},
{
  "model": "blog.comment",
  "pk": 2,
  "fields": {
    "post": 5,
    "name": "Abdelrhman",
    "email": "abdelrhmanmamdouh776@gmail.com",
    "body": "second post",
    "created": "2023-08-08T12:35:22.581Z",
    "updated": "2023-08-08T12:35:22.581Z",
    "active": true
  }
},
{
  "model": "blog.comment",
  "pk": 3,
  "fields": {
    "post": 4,
    "name": "primer leageau",
    "email": "abdelrhmanmamdouh776@gmail.com",
    "body": "will start tomorrow",
    "created": "2023-08-08T15:00:27.816Z",
    "updated": "2023-08-08T15:00:27.816Z",
    "active": true
  }
},
{
  "model": "blog.comment",
  "pk": 6,
  "fields": {
    "post": 4,
    "name": "primer leageau",
    "email": "abdelrhmanmamdouh776@gmail.com",
    "body": "will start tomorrow",
    "created": "2023-08-08T15:02:09.223Z",
    "updated": "2023-08-08T15:02:09.223Z",
    "active": true
  }
},
{
  "model": "blog.comment",
  "pk": 7,
  "fields": {
    "post": 5,
    "name": "Yasmine",
    "email": "abdelrhmanmamdouh776@gmail.com",
    "body": "second comment",
    "created": "2023-08-08T15:10:45.753Z",
    "updated": "2023-08-08T15:10:45.753Z",
    "active": true
  }
},
{
  "model": "blog.comment",
  "pk": 8,
  "fields": {
    "post": 7,
    "name": "Abdelrahman Mamdouh",
    "email": "a.m01033918990@gmail.com",
    "body": "never give up",
    "created": "2023-08-09T07:34:45.579Z",
    "updated": "2023-08-09T07:34:45.579Z",
    "active": true
  }
},
{
  "model": "taggit.tag",
  "pk": 1,
  "fields": {
    "name": "music",
    "slug": "music"
  }
},
{
  "model": "taggit.tag",
  "pk": 2,
  "fields": {
    "name": "software",
    "slug": "software"
  }
},
{
  "model": "taggit.tag",
  "pk": 3,
  "fields": {
    "name": "sports",
    "slug": "sports"
  }
},
{
  "model": "taggit.tag",
  "pk": 4,
  "fields": {
    "name": "religion",
    "slug": "religion"
  }
},
{
  "model": "taggit.tag",
  "pk": 5,
  "fields": {
    "name": "sport",
    "slug": "sport"
  }
},
{
  "model": "taggit.tag",
  "pk": 6,
  "fields": {
    "name": "ipsam.",
    "slug": "ipsam"
  }
},
{
  "model": "taggit.tag",
  "pk": 7,
  "fields": {
    "name": "eligendi",
    "slug": "eligendi"
  }
},
{
  "model": "taggit.tag",
  "pk": 8,
  "fields": {
    "name": "eius",
    "slug": "eius"
  }
},
{
  "model": "taggit.tag",
  "pk": 9,
  "fields": {
    "name": "quis",
    "slug": "quis"
  }
},
{
  "model": "taggit.tag",
  "pk": 10,
  "fields": {
    "name": "corrupti",
    "slug": "corrupti"
  }
},
{
  "model": "taggit.tag",
  "pk": 11,
  "fields": {
    "name": "Dignissimos",
    "slug": "dignissimos"
  }
},
{
  "model": "taggit.taggeditem",
  "pk": 2,
  "fields": {
    "tag": 2,
    "content_type": 7,
    "object_id": 1
  }
},
{
  "model": "taggit.taggeditem",
  "pk": 4,
  "fields": {
    "tag": 4,
    "content_type": 7,
    "object_id": 3
  }
},
{
  "model": "taggit.taggeditem",
  "pk": 5,
  "fields": {
    "tag": 1,
    "content_type": 7,
    "object_id": 1
  }
},
{
  "model": "taggit.taggeditem",
  "pk": 6,
  "fields": {
    "tag": 4,
    "content_type": 7,
    "object_id": 4
  }
},
{
  "model": "taggit.taggeditem",
  "pk": 7,
  "fields": {
    "tag": 5,
    "content_type": 7,
    "object_id": 7
  }
},
{
  "model": "taggit.taggeditem",
  "pk": 8,
  "fields": {
    "tag": 6,
    "content_type": 7,
    "object_id": 8
  }
},
{
  "model": "taggit.taggeditem",
  "pk": 9,
  "fields": {
    "tag": 7,
    "content_type": 7,
    "object_id": 8
  }
},
{
  "model": "taggit.taggeditem",
  "pk": 10,
  "fields": {
    "tag": 8,
    "content_type": 7,
    "object_id": 8
  }
},
{
  "model": "taggit.taggeditem",
  "pk": 11,
  "fields": {
    "tag": 9,
    "content_type": 7,
    "object_id": 8
  }
},
{
  "model": "taggit.taggeditem",
  "pk": 12,
  "fields": {
    "tag": 10,
    "content_type": 7,
    "object_id": 8
  }
},
{
  "model": "taggit.taggeditem",
  "pk": 13,
  "fields": {
    "tag": 11,
    "content_type": 7,
    "object_id": 8
  }
},
{
  "model": "taggit.taggeditem",
  "pk": 14,
  "fields": {
    "tag": 5,
    "content_type": 7,
    "object_id": 6
  }
},
{
  "model": "taggit.taggeditem",
  "pk": 15,
  "fields": {
    "tag": 5,
    "content_type": 7,
    "object_id": 9
  }
},
{
  "model": "taggit.taggeditem",
  "pk": 16,
  "fields": {
    "tag": 1,
    "content_type": 7,
    "object_id": 7
  }
},
{
  "model": "taggit.taggeditem",
  "pk": 17,
  "fields": {
    "tag": 1,
    "content_type": 7,
    "object_id": 9
  }
},
{
  "model": "taggit.taggeditem",
  "pk": 18,
  "fields": {
    "tag": 5,
    "content_type": 7,
    "object_id": 10
  }
},
{
  "model": "taggit.taggeditem",
  "pk": 19,
  "fields": {
    "tag": 5,
    "content_type": 7,
    "object_id": 11
  }
},
{
  "model": "sites.site",
  "pk": 1,
  "fields": {
    "domain": "localhost:8000",
    "name": "localhost:8000"
  }
}
]
